{"id": "vehicle.tesla.model3", "x": -96.99263763427734, "y": -0.7145858407020569, "z": 0.29999998211860657, "pitch": 0.0, "yaw": 179.86048889160156, "roll": 0.0}