{"id": "vehicle.mercedes.sprinter", "x": -98.2011489868164, "y": -4.211654186248779, "z": 0.29999998211860657, "pitch": 0.0, "yaw": 179.86048889160156, "roll": 0.0}