{"id": "vehicle.tesla.model3", "x": -43.68553924560547, "y": 53.914310455322266, "z": 0.5999999642372131, "pitch": 0.0, "yaw": -89.6207275390625, "roll": 0.0}