{"id": "vehicle.mercedes.sprinter", "x": -54.1959228515625, "y": 55.44477462768555, "z": 0.5999999642372131, "pitch": 0.0, "yaw": 90.37928009033203, "roll": 0.0}