{"id": "vehicle.tesla.model3", "x": 40.17259979248047, "y": 144.89817810058594, "z": 0.29999998211860657, "pitch": 0.0, "yaw": 2.2284257411956787, "roll": 0.0}