{"id": "vehicle.mercedes.sprinter", "x": 35.057193756103516, "y": 137.3352813720703, "z": 0.29999998211860657, "pitch": 0.0, "yaw": -89.97711181640625, "roll": 0.0}