{"id": "vehicle.tesla.model3", "x": 26.41966438293457, "y": -207.56503295898438, "z": 0.29999998211860657, "pitch": 0.0, "yaw": 179.757080078125, "roll": 0.0}