{"id": "vehicle.mercedes.sprinter", "x": 24.93450927734375, "y": -204.05868530273438, "z": 0.29999998211860657, "pitch": 0.0, "yaw": 179.757080078125, "roll": 0.0}