{"id": "vehicle.tesla.model3", "x": -19.079280853271484, "y": -0.8801214694976807, "z": 0.29999998211860657, "pitch": 0.0, "yaw": 179.86048889160156, "roll": 0.0}