{"id": "vehicle.mercedes.sprinter", "x": -17.587875366210938, "y": -4.413763523101807, "z": 0.29999998211860657, "pitch": 0.0, "yaw": 179.86048889160156, "roll": 0.0}