{"id": "vehicle.tesla.model3", "x": 0.5475534200668335, "y": 2.5479907989501953, "z": 0.29999998211860657, "pitch": 0.0, "yaw": -0.13946533203125, "roll": 0.0}