{"id": "vehicle.mercedes.sprinter", "x": 0.5620709657669067, "y": -4.457942008972168, "z": 0.29999998211860657, "pitch": 0.0, "yaw": 179.86048889160156, "roll": 0.0}