{"id": "vehicle.tesla.model3", "x": 24.707122802734375, "y": -28.980844497680664, "z": 0.29999998211860657, "pitch": 0.0, "yaw": 91.5320816040039, "roll": 0.0}