{"id": "vehicle.mercedes.sprinter", "x": 28.240623474121094, "y": -30.18678855895996, "z": 0.29999998211860657, "pitch": 0.0, "yaw": 91.5320816040039, "roll": 0.0}