{"id": "vehicle.tesla.model3", "x": 16.21141815185547, "y": 84.58518981933594, "z": 0.29999998211860657, "pitch": 0.0, "yaw": -179.93441772460938, "roll": 0.0}