{"id": "vehicle.mercedes.sprinter", "x": 17.80738639831543, "y": 88.08705139160156, "z": 0.29999998211860657, "pitch": 0.0, "yaw": -179.93441772460938, "roll": 0.0}