{"id": "vehicle.tesla.model3", "x": 35.09933090209961, "y": 54.58958053588867, "z": 0.29999998211860657, "pitch": 0.0, "yaw": -89.97711181640625, "roll": 0.0}