{"id": "vehicle.tesla.model3", "x": -131.65994262695312, "y": -76.91120147705078, "z": 0.29999998211860657, "pitch": 0.0, "yaw": 90.39354705810547, "roll": 0.0}