{"id": "vehicle.mercedes.sprinter", "x": -128.17234802246094, "y": -75.08718872070312, "z": 0.29999998211860657, "pitch": 0.0, "yaw": 90.39354705810547, "roll": 0.0}