{"id": "vehicle.tesla.model3", "x": -17.602392196655273, "y": 2.592170238494873, "z": 0.29999998211860657, "pitch": 0.0, "yaw": -0.13946533203125, "roll": 0.0}