{"id": "vehicle.tesla.model3", "x": 37.58832931518555, "y": -117.87030792236328, "z": 0.29999998211860657, "pitch": 0.0, "yaw": -88.46794891357422, "roll": 0.0}