{"id": "vehicle.mercedes.sprinter", "x": 30.915138244628906, "y": -130.18319702148438, "z": 0.29999998211860657, "pitch": 0.0, "yaw": 91.5320816040039, "roll": 0.0}