{"id": "vehicle.tesla.model3", "x": 151.52549743652344, "y": 5.319231986999512, "z": 0.5999999642372131, "pitch": 0.0, "yaw": 89.9474105834961, "roll": 0.0}