{"id": "vehicle.mercedes.sprinter", "x": 155.015380859375, "y": -5.701526165008545, "z": 0.5999999642372131, "pitch": 0.0, "yaw": -90.05258178710938, "roll": 0.0}