{"id": "vehicle.tesla.model3", "x": -44.18832778930664, "y": -39.61061096191406, "z": 0.44999998807907104, "pitch": 0.0, "yaw": -90.33749389648438, "roll": 0.0}