{"id": "vehicle.tesla.model3", "x": 34.37168884277344, "y": -128.51025390625, "z": 0.29999998211860657, "pitch": 0.0, "yaw": -88.46794891357422, "roll": 0.0}