{"id": "vehicle.mercedes.sprinter", "x": 27.368534088134766, "y": -128.48745727539062, "z": 0.29999998211860657, "pitch": 0.0, "yaw": 91.5320816040039, "roll": 0.0}