{"id": "vehicle.tesla.model3", "x": -201.9403839111328, "y": -0.45915037393569946, "z": 0.29999998211860657, "pitch": 0.0, "yaw": 179.86048889160156, "roll": 0.0}