{"id": "vehicle.mercedes.sprinter", "x": -203.4488983154297, "y": -3.9554872512817383, "z": 0.29999998211860657, "pitch": 0.0, "yaw": 179.86048889160156, "roll": 0.0}