{"id": "vehicle.tesla.model3", "x": -184.58648681640625, "y": -55.941497802734375, "z": 0.5999999642372131, "pitch": 0.0, "yaw": -90.01580810546875, "roll": 0.0}