{"id": "vehicle.mercedes.sprinter", "x": -188.08587646484375, "y": -53.540184020996094, "z": 0.5999999642372131, "pitch": 0.0, "yaw": -90.01580810546875, "roll": 0.0}