{"id": "vehicle.tesla.model3", "x": 22.22688865661621, "y": 194.67630004882812, "z": 0.29999998211860657, "pitch": 0.0, "yaw": -179.712158203125, "roll": 0.0}