{"id": "vehicle.mercedes.sprinter", "x": 22.26304817199707, "y": 187.67640686035156, "z": 0.29999998211860657, "pitch": 0.0, "yaw": -179.71951293945312, "roll": 0.0}