{"id": "vehicle.tesla.model3", "x": 27.71959686279297, "y": -141.61280822753906, "z": 0.29999998211860657, "pitch": 0.0, "yaw": 91.5320816040039, "roll": 0.0}