{"id": "vehicle.tesla.model3", "x": -10.121179580688477, "y": 95.55509185791016, "z": 0.29999998211860657, "pitch": 0.0, "yaw": -0.41619873046875, "roll": 0.0}