{"id": "vehicle.mercedes.sprinter", "x": -8.746603965759277, "y": 92.05677795410156, "z": 0.29999998211860657, "pitch": 0.0, "yaw": -0.41619873046875, "roll": 0.0}