{"id": "vehicle.tesla.model3", "x": -112.30240631103516, "y": 2.822676658630371, "z": 0.29999998211860657, "pitch": 0.0, "yaw": -0.13946533203125, "roll": 0.0}