{"id": "vehicle.mercedes.sprinter", "x": -98.19248962402344, "y": 2.7883288860321045, "z": 0.29999998211860657, "pitch": 0.0, "yaw": -0.13946533203125, "roll": 0.0}