{"id": "vehicle.tesla.model3", "x": 210.73939514160156, "y": -11.27216625213623, "z": 0.29999998211860657, "pitch": 0.0, "yaw": -90.66905975341797, "roll": 0.0}