{"id": "vehicle.mercedes.sprinter", "x": 207.27093505859375, "y": -13.931108474731445, "z": 0.29999998211860657, "pitch": 0.0, "yaw": -90.66905975341797, "roll": 0.0}