{"id": "vehicle.tesla.model3", "x": -88.97330474853516, "y": 84.46485900878906, "z": 0.29999998211860657, "pitch": 0.0, "yaw": -179.93441772460938, "roll": 0.0}