{"id": "vehicle.mercedes.sprinter", "x": -90.7665023803711, "y": 94.96285247802734, "z": 0.29999998211860657, "pitch": 0.0, "yaw": 0.06556998938322067, "roll": 0.0}