{"id": "vehicle.tesla.model3", "x": -188.07923889160156, "y": -29.37018394470215, "z": 0.5999999642372131, "pitch": 0.0, "yaw": -90.01580810546875, "roll": 0.0}