{"id": "vehicle.tesla.model3", "x": 43.82861328125, "y": 95.54215240478516, "z": 0.29999998211860657, "pitch": 0.0, "yaw": -0.41619873046875, "roll": 0.0}