{"id": "vehicle.tesla.model3", "x": -54.91007995605469, "y": -77.22367858886719, "z": 0.44999998807907104, "pitch": 0.0, "yaw": 89.66251373291016, "roll": 0.0}