{"id": "vehicle.mercedes.sprinter", "x": -51.40483093261719, "y": -76.34429931640625, "z": 0.44999998807907104, "pitch": 0.0, "yaw": 89.66251373291016, "roll": 0.0}