{"id": "vehicle.tesla.model3", "x": 211.03936767578125, "y": 13.862580299377441, "z": 0.29999998211860657, "pitch": 0.0, "yaw": -89.33535766601562, "roll": 0.0}