{"id": "vehicle.tesla.model3", "x": -164.73216247558594, "y": -95.14187622070312, "z": 0.29999998211860657, "pitch": 0.0, "yaw": -179.9136962890625, "roll": 0.0}