{"id": "vehicle.mercedes.sprinter", "x": -162.53744506835938, "y": -91.63861846923828, "z": 0.29999998211860657, "pitch": 0.0, "yaw": -179.9136962890625, "roll": 0.0}