{"id": "vehicle.tesla.model3", "x": 38.53264617919922, "y": -153.17686462402344, "z": 0.29999998211860657, "pitch": 0.0, "yaw": -88.46794891357422, "roll": 0.0}