{"id": "vehicle.mercedes.sprinter", "x": 35.079341888427734, "y": -154.96981811523438, "z": 0.29999998211860657, "pitch": 0.0, "yaw": -88.46794891357422, "roll": 0.0}