{"id": "vehicle.tesla.model3", "x": -95.2666015625, "y": -95.0374984741211, "z": 0.29999998211860657, "pitch": 0.0, "yaw": -179.9136962890625, "roll": 0.0}