{"id": "vehicle.mercedes.sprinter", "x": -95.24085998535156, "y": -88.03746795654297, "z": 0.29999998211860657, "pitch": 0.0, "yaw": 0.08630598336458206, "roll": 0.0}