{"id": "vehicle.tesla.model3", "x": -81.40263366699219, "y": -0.7525340914726257, "z": 0.29999998211860657, "pitch": 0.0, "yaw": 179.86048889160156, "roll": 0.0}