{"id": "vehicle.mercedes.sprinter", "x": -82.61115264892578, "y": -4.2496018409729, "z": 0.29999998211860657, "pitch": 0.0, "yaw": 179.86048889160156, "roll": 0.0}