{"id": "vehicle.mercedes.sprinter", "x": -96.74613189697266, "y": -84.53971862792969, "z": 0.29999998211860657, "pitch": 0.0, "yaw": 0.08630598336458206, "roll": 0.0}