{"id": "vehicle.tesla.model3", "x": 8.571527481079102, "y": -203.98941040039062, "z": 0.6799139380455017, "pitch": 0.7672556042671204, "yaw": 179.757080078125, "roll": 1.0422974983104183e-10}