{"id": "vehicle.mercedes.sprinter", "x": 7.056835651397705, "y": -207.48294067382812, "z": 0.29999998211860657, "pitch": 0.7672556042671204, "yaw": 179.757080078125, "roll": 1.0422974983104183e-10}