{"id": "vehicle.tesla.model3", "x": -7.966956615447998, "y": 66.28325653076172, "z": 0.5999999642372131, "pitch": 0.0, "yaw": -179.92672729492188, "roll": 0.0}