{"id": "vehicle.mercedes.sprinter", "x": -15.148191452026367, "y": 69.71400451660156, "z": 0.5999999642372131, "pitch": 0.0, "yaw": 0.07327299565076828, "roll": 0.0}