{"id": "vehicle.mercedes.sprinter", "x": -131.45675659179688, "y": 28.9866886138916, "z": 0.29999998211860657, "pitch": 0.0, "yaw": 89.48860168457031, "roll": 0.0}