{"id": "vehicle.tesla.model3", "x": -28.72602081298828, "y": 28.104217529296875, "z": 0.5999999642372131, "pitch": 0.0, "yaw": 0.15919798612594604, "roll": 0.0}