{"id": "vehicle.tesla.model3", "x": -124.48441314697266, "y": -102.44091796875, "z": 0.29999998211860657, "pitch": 0.0, "yaw": -89.6064453125, "roll": 0.0}