{"id": "vehicle.mercedes.sprinter", "x": -120.97422790527344, "y": -103.9168701171875, "z": 0.29999998211860657, "pitch": 0.0, "yaw": -89.6064453125, "roll": 0.0}