{"id": "vehicle.mercedes.sprinter", "x": -143.72755432128906, "y": 84.40223693847656, "z": 0.29999998211860657, "pitch": 0.0, "yaw": -179.93441772460938, "roll": 0.0}