{"id": "vehicle.tesla.model3", "x": -120.9802017211914, "y": 27.29313850402832, "z": 0.29999998211860657, "pitch": 0.0, "yaw": -90.51138305664062, "roll": 0.0}