{"id": "vehicle.tesla.model3", "x": -136.2187042236328, "y": 144.07208251953125, "z": 0.5, "pitch": 0.0, "yaw": -179.73025512695312, "roll": 0.0}