{"id": "vehicle.tesla.model3", "x": -37.70370864868164, "y": -84.45059204101562, "z": 0.29999998211860657, "pitch": 0.0, "yaw": 0.08630622923374176, "roll": 0.0}