{"id": "vehicle.mercedes.sprinter", "x": -36.3984375, "y": -87.94866180419922, "z": 0.29999998211860657, "pitch": 0.0, "yaw": 0.08630622923374176, "roll": 0.0}