{"id": "vehicle.tesla.model3", "x": -44.09182357788086, "y": -21.470951080322266, "z": 0.44999998807907104, "pitch": 0.0, "yaw": -90.33749389648438, "roll": 0.0}