{"id": "vehicle.tesla.model3", "x": -191.58642578125, "y": -55.96866989135742, "z": 0.5999999642372131, "pitch": 0.0, "yaw": 89.98419189453125, "roll": 0.0}