{"id": "vehicle.tesla.model3", "x": -135.2351837158203, "y": 147.57672119140625, "z": 0.5, "pitch": 0.0, "yaw": -179.73025512695312, "roll": 0.0}