{"id": "vehicle.tesla.model3", "x": 28.082000732421875, "y": 12.414189338684082, "z": 0.29999998211860657, "pitch": 0.0, "yaw": 89.4882583618164, "roll": 0.0}