{"id": "vehicle.mercedes.sprinter", "x": 24.597328186035156, "y": 14.145381927490234, "z": 0.29999998211860657, "pitch": 0.0, "yaw": 89.4882583618164, "roll": 0.0}