{"id": "vehicle.tesla.model3", "x": -191.567138671875, "y": 14.351324081420898, "z": 0.5999999642372131, "pitch": 0.0, "yaw": 89.98419189453125, "roll": 0.0}