{"id": "vehicle.mercedes.sprinter", "x": -195.06675720214844, "y": 15.851250648498535, "z": 0.5999999642372131, "pitch": 0.0, "yaw": 89.98419189453125, "roll": 0.0}