{"id": "vehicle.tesla.model3", "x": -128.10850524902344, "y": 13.788225173950195, "z": 0.29999998211860657, "pitch": 0.0, "yaw": 89.1748046875, "roll": 0.0}