{"id": "vehicle.mercedes.sprinter", "x": -131.58509826660156, "y": 15.43846607208252, "z": 0.29999998211860657, "pitch": 0.0, "yaw": 89.1748046875, "roll": 0.0}