{"id": "vehicle.tesla.model3", "x": -143.80743408203125, "y": -91.61036682128906, "z": 0.29999998211860657, "pitch": 0.0, "yaw": -179.9136962890625, "roll": 0.0}