{"id": "vehicle.mercedes.sprinter", "x": -141.60215759277344, "y": -95.10709381103516, "z": 0.29999998211860657, "pitch": 0.0, "yaw": -179.9136962890625, "roll": 0.0}