{"id": "vehicle.tesla.model3", "x": 43.581199645996094, "y": -190.1376953125, "z": 0.29999998211860657, "pitch": 0.0, "yaw": -0.2429504096508026, "roll": 0.0}