{"id": "vehicle.mercedes.sprinter", "x": 42.366355895996094, "y": -193.63253784179688, "z": 0.29999998211860657, "pitch": 0.0, "yaw": -0.2429504096508026, "roll": 0.0}