{"id": "vehicle.tesla.model3", "x": -217.640380859375, "y": -0.4209260046482086, "z": 0.29999998211860657, "pitch": 0.0, "yaw": 179.86048889160156, "roll": 0.0}