{"id": "vehicle.mercedes.sprinter", "x": -220.0489044189453, "y": -3.9150733947753906, "z": 0.29999998211860657, "pitch": 0.0, "yaw": 179.86048889160156, "roll": 0.0}