{"id": "vehicle.tesla.model3", "x": -0.34803202748298645, "y": -94.8942642211914, "z": 0.29999998211860657, "pitch": 0.0, "yaw": -179.9136962890625, "roll": 0.0}