{"id": "vehicle.tesla.model3", "x": -191.5797882080078, "y": -31.79867172241211, "z": 0.5999999642372131, "pitch": 0.0, "yaw": 89.98419189453125, "roll": 0.0}