{"id": "vehicle.mercedes.sprinter", "x": -184.579833984375, "y": -31.77149772644043, "z": 0.5999999642372131, "pitch": 0.0, "yaw": -90.01580810546875, "roll": 0.0}