{"id": "vehicle.tesla.model3", "x": 69.34160614013672, "y": -207.7470245361328, "z": 0.29999998211860657, "pitch": 0.0, "yaw": 179.757080078125, "roll": 0.0}