{"id": "vehicle.mercedes.sprinter", "x": 71.05644226074219, "y": -204.25433349609375, "z": 0.29999998211860657, "pitch": 0.0, "yaw": 179.757080078125, "roll": 0.0}