{"id": "vehicle.tesla.model3", "x": -112.20529174804688, "y": -84.56281280517578, "z": 0.29999998211860657, "pitch": 0.0, "yaw": 0.08630367368459702, "roll": 0.0}