{"id": "vehicle.mercedes.sprinter", "x": -110.70001983642578, "y": -88.06057739257812, "z": 0.29999998211860657, "pitch": 0.0, "yaw": 0.08630367368459702, "roll": 0.0}