{"id": "vehicle.tesla.model3", "x": -47.711585998535156, "y": -41.689964294433594, "z": 0.44999998807907104, "pitch": 0.0, "yaw": -90.33749389648438, "roll": 0.0}