{"id": "vehicle.tesla.model3", "x": 31.704620361328125, "y": -50.84739685058594, "z": 0.29999998211860657, "pitch": 0.0, "yaw": -88.46794891357422, "roll": 0.0}