{"id": "vehicle.mercedes.sprinter", "x": 24.707122802734375, "y": -51.03455352783203, "z": 0.29999998211860657, "pitch": 0.0, "yaw": 91.5320816040039, "roll": 0.0}