{"id": "vehicle.tesla.model3", "x": -164.73196411132812, "y": -88.14189910888672, "z": 0.29999998211860657, "pitch": 0.0, "yaw": 0.08630399405956268, "roll": 0.0}