{"id": "vehicle.tesla.model3", "x": -47.541664123535156, "y": -12.738286018371582, "z": 0.44999998807907104, "pitch": 0.0, "yaw": -90.3905029296875, "roll": 0.0}