{"id": "vehicle.mercedes.sprinter", "x": -44.031494140625, "y": -11.261844635009766, "z": 0.44999998807907104, "pitch": 0.0, "yaw": -90.3905029296875, "roll": 0.0}