{"id": "vehicle.tesla.model3", "x": -127.81288146972656, "y": -127.42567443847656, "z": 0.29999998211860657, "pitch": 0.0, "yaw": 90.39354705810547, "roll": 0.0}