{"id": "vehicle.mercedes.sprinter", "x": -131.324462890625, "y": -125.7497329711914, "z": 0.29999998211860657, "pitch": 0.0, "yaw": 90.39354705810547, "roll": 0.0}