{"id": "vehicle.tesla.model3", "x": -50.68539047241211, "y": 53.86796188354492, "z": 0.5999999642372131, "pitch": 0.0, "yaw": 90.37928009033203, "roll": 0.0}