{"id": "vehicle.mercedes.sprinter", "x": -141.6317901611328, "y": 87.9046401977539, "z": 0.29999998211860657, "pitch": 0.0, "yaw": -179.93441772460938, "roll": 0.0}