{"id": "vehicle.mercedes.sprinter", "x": 69.37128448486328, "y": -200.74708557128906, "z": 0.29999998211860657, "pitch": 0.0, "yaw": 179.757080078125, "roll": 0.0}