{"id": "vehicle.mercedes.sprinter", "x": -131.7760467529297, "y": -60.014007568359375, "z": 0.29999998211860657, "pitch": 0.0, "yaw": 90.39354705810547, "roll": 0.0}