{"id": "vehicle.tesla.model3", "x": -54.71146774291992, "y": -41.65013885498047, "z": 0.44999998807907104, "pitch": 0.0, "yaw": 89.66251373291016, "roll": 0.0}