{"id": "vehicle.tesla.model3", "x": 197.04034423828125, "y": 13.699100494384766, "z": 0.29999998211860657, "pitch": 0.0, "yaw": 90.66463470458984, "roll": 0.0}