{"id": "vehicle.mercedes.sprinter", "x": 193.57186889648438, "y": 10.958688735961914, "z": 0.29999998211860657, "pitch": 0.0, "yaw": 90.66463470458984, "roll": 0.0}