{"id": "vehicle.tesla.model3", "x": -161.37249755859375, "y": 91.38201904296875, "z": 0.29999998211860657, "pitch": 0.0, "yaw": 0.06556998938322067, "roll": 0.0}