{"id": "vehicle.tesla.model3", "x": 24.570613861083984, "y": 103.75064849853516, "z": 0.29999998211860657, "pitch": 0.0, "yaw": 90.02289581298828, "roll": 0.0}