{"id": "vehicle.tesla.model3", "x": 37.33776092529297, "y": 201.75230407714844, "z": 0.29999998211860657, "pitch": 0.0, "yaw": 0.28984057903289795, "roll": 0.0}