{"id": "vehicle.mercedes.sprinter", "x": 37.30215072631836, "y": 208.752197265625, "z": 0.29999998211860657, "pitch": 0.0, "yaw": 0.28781411051750183, "roll": 0.0}