{"id": "vehicle.tesla.model3", "x": 35.23812484741211, "y": -29.999629974365234, "z": 0.29999998211860657, "pitch": 0.0, "yaw": -88.46794891357422, "roll": 0.0}