{"id": "vehicle.mercedes.sprinter", "x": 28.07124900817871, "y": 54.34798049926758, "z": 0.29999998211860657, "pitch": 0.0, "yaw": 90.02289581298828, "roll": 0.0}