{"id": "vehicle.tesla.model3", "x": -184.57481384277344, "y": -13.59150218963623, "z": 0.5999999642372131, "pitch": 0.0, "yaw": -90.01580810546875, "roll": 0.0}