{"id": "vehicle.mercedes.sprinter", "x": -188.0742950439453, "y": -11.590188026428223, "z": 0.5999999642372131, "pitch": 0.0, "yaw": -90.01580810546875, "roll": 0.0}