{"id": "vehicle.tesla.model3", "x": -191.56069946289062, "y": 38.00132369995117, "z": 0.5999999642372131, "pitch": 0.0, "yaw": 89.98419189453125, "roll": 0.0}