{"id": "vehicle.mercedes.sprinter", "x": -184.56076049804688, "y": 38.02849578857422, "z": 0.5999999642372131, "pitch": 0.0, "yaw": -90.01580810546875, "roll": 0.0}