{"id": "vehicle.tesla.model3", "x": -80.08187103271484, "y": -91.51465606689453, "z": 0.29999998211860657, "pitch": 0.0, "yaw": -179.9136962890625, "roll": 0.0}