{"id": "vehicle.mercedes.sprinter", "x": -78.55085754394531, "y": -88.01239013671875, "z": 0.29999998211860657, "pitch": 0.0, "yaw": 0.08630598336458206, "roll": 0.0}