{"id": "vehicle.tesla.model3", "x": 28.09999656677246, "y": 30.199296951293945, "z": 0.29999998211860657, "pitch": 0.0, "yaw": 90.02289581298828, "roll": 0.0}