{"id": "vehicle.mercedes.sprinter", "x": 24.59943962097168, "y": 31.597896575927734, "z": 0.29999998211860657, "pitch": 0.0, "yaw": 90.02289581298828, "roll": 0.0}