{"id": "vehicle.tesla.model3", "x": -159.06178283691406, "y": 87.88468933105469, "z": 0.29999998211860657, "pitch": 0.0, "yaw": -179.93441772460938, "roll": 0.0}