{"id": "vehicle.mercedes.sprinter", "x": -161.35755920410156, "y": 84.38201904296875, "z": 0.29999998211860657, "pitch": 0.0, "yaw": -179.93441772460938, "roll": 0.0}