{"id": "vehicle.tesla.model3", "x": 24.57069206237793, "y": 55.746585845947266, "z": 0.29999998211860657, "pitch": 0.0, "yaw": 90.02289581298828, "roll": 0.0}