{"id": "vehicle.mercedes.sprinter", "x": -0.35846415162086487, "y": -87.89436340332031, "z": 0.29999998211860657, "pitch": 0.0, "yaw": 0.08630598336458206, "roll": 0.0}