{"id": "vehicle.tesla.model3", "x": -114.00806427001953, "y": -135.22396850585938, "z": 0.5999999642372131, "pitch": 0.0, "yaw": 0.4425615072250366, "roll": 0.0}