{"id": "vehicle.mercedes.sprinter", "x": -115.98096466064453, "y": -138.73928833007812, "z": 0.5999999642372131, "pitch": 0.0, "yaw": 0.4425615072250366, "roll": 0.0}