{"id": "vehicle.tesla.model3", "x": -133.15872192382812, "y": -142.3721160888672, "z": 0.5999999642372131, "pitch": 0.0, "yaw": -179.55746459960938, "roll": 0.0}