{"id": "vehicle.mercedes.sprinter", "x": -135.93162536621094, "y": -145.89361572265625, "z": 0.5999999642372131, "pitch": 0.0, "yaw": -179.55746459960938, "roll": 0.0}