{"id": "vehicle.tesla.model3", "x": -48.163211822509766, "y": -102.92279052734375, "z": 0.44999998807907104, "pitch": 0.0, "yaw": -94.3148193359375, "roll": 0.0}