{"id": "vehicle.mercedes.sprinter", "x": -44.75590133666992, "y": -104.28300476074219, "z": 0.44999998807907104, "pitch": 0.0, "yaw": -94.3148193359375, "roll": 0.0}