{"id": "vehicle.tesla.model3", "x": -47.06003189086914, "y": 34.941585540771484, "z": 0.5999999642372131, "pitch": 0.0, "yaw": -89.6207275390625, "roll": 0.0}