{"id": "vehicle.mercedes.sprinter", "x": -54.05988311767578, "y": 34.895240783691406, "z": 0.5999999642372131, "pitch": 0.0, "yaw": 90.37928009033203, "roll": 0.0}