{"id": "vehicle.tesla.model3", "x": 31.557193756103516, "y": 161.9552459716797, "z": 0.29999998211860657, "pitch": 0.0, "yaw": -89.97711181640625, "roll": 0.0}