{"id": "vehicle.mercedes.sprinter", "x": 35.056522369384766, "y": 163.65663146972656, "z": 0.29999998211860657, "pitch": 0.0, "yaw": -89.97711181640625, "roll": 0.0}