{"id": "vehicle.tesla.model3", "x": 41.94137191772461, "y": 5.246575355529785, "z": 0.29999998211860657, "pitch": 0.0, "yaw": 0.25028544664382935, "roll": 0.0}