{"id": "vehicle.mercedes.sprinter", "x": 41.056663513183594, "y": 1.7426775693893433, "z": 0.29999998211860657, "pitch": 0.0, "yaw": 0.25028544664382935, "roll": 0.0}