{"id": "vehicle.tesla.model3", "x": -121.28543853759766, "y": -58.60688018798828, "z": 0.29999998211860657, "pitch": 0.0, "yaw": -89.6064453125, "roll": 0.0}