{"id": "vehicle.tesla.model3", "x": 69.43062591552734, "y": -186.74720764160156, "z": 0.29999998211860657, "pitch": 0.0, "yaw": -0.2429504096508026, "roll": 0.0}